Cluster,Age,AnnualIncome,SpendingScore,AccountTenure
0,40.078947368421055,99405.85964912281,43.44736842105263,6.605263157894737
1,28.330882352941178,50105.22794117647,51.85294117647059,10.823529411764707
2,53.7007299270073,76492.98540145985,60.67153284671533,15.35036496350365
3,56.02654867256637,48299.62831858407,34.07964601769911,6.592920353982301
